{
  "model": "Enhanced ResNet18 with Cutout",
  "enhancements": [
    "Cutout augmentation",
    "Improved initialization",
    "MultiStepLR schedule"
  ],
  "best_test_acc": 85.7,
  "final_test_acc": 85.7,
  "final_train_acc": 83.1,
  "baseline_acc": 86.85,
  "improvement": -1.1499999999999915,
  "training_time_min": 25.29448626836141,
  "test_accs": [
    34.24,
    43.45,
    47.07,
    52.42,
    56.56,
    60.42,
    58.31,
    67.38,
    68.82,
    68.17,
    68.85,
    67.38,
    69.0,
    62.51,
    70.82,
    69.62,
    69.39,
    69.39,
    68.75,
    70.06,
    71.64,
    66.27,
    68.61,
    72.2,
    72.71,
    80.03,
    80.66,
    81.85,
    82.3,
    82.53,
    81.99,
    82.71,
    83.06,
    82.69,
    82.52,
    82.71,
    83.64,
    83.9,
    83.01,
    83.06,
    84.93,
    85.14,
    85.14,
    85.23,
    85.21,
    85.39,
    85.46,
    85.59,
    85.56,
    85.7
  ],
  "train_accs": [
    23.286,
    34.87,
    40.952,
    46.588,
    51.406,
    54.788,
    57.234,
    58.856,
    60.322,
    61.436,
    62.254,
    63.204,
    64.188,
    64.426,
    65.014,
    65.772,
    65.676,
    66.002,
    66.422,
    66.684,
    66.968,
    67.248,
    67.652,
    67.398,
    67.188,
    73.904,
    75.842,
    76.77,
    77.278,
    77.888,
    78.008,
    78.714,
    78.91,
    78.716,
    79.164,
    79.506,
    79.594,
    79.842,
    79.934,
    79.812,
    81.59,
    82.136,
    82.572,
    82.65,
    82.654,
    82.958,
    82.666,
    82.996,
    83.334,
    83.1
  ]
}