{
  "best_accuracy": 94.51,
  "final_train_acc": 99.18,
  "final_test_acc": 94.49,
  "epochs": 50,
  "total_training_time_minutes": 36.52639086643855,
  "train_losses": [
    1.6273212298712767,
    1.2190519888382738,
    1.0068180641859694,
    0.8503555777432669,
    0.7314110782445239,
    0.6604847586368356,
    0.5979921948879271,
    0.5561641081214865,
    0.5164127623486092,
    0.48524218767195404,
    0.4530943006353305,
    0.4408868563449596,
    0.42017029077195756,
    0.4061872628338806,
    0.3991573226573827,
    0.3854200353707804,
    0.37552803156473447,
    0.3738213211221768,
    0.37096269638337137,
    0.3525218837477667,
    0.3525248569295839,
    0.3422068093362672,
    0.33753052365292063,
    0.3338495031037294,
    0.332209816540751,
    0.32107924690941714,
    0.3120361849703752,
    0.3054325861661026,
    0.30039000385405157,
    0.2879439295100434,
    0.2844835027785557,
    0.2759163152531285,
    0.2681656449347201,
    0.255047979371627,
    0.2428908935745659,
    0.23571419632038498,
    0.2238474012450184,
    0.20342255336091952,
    0.19343304546440349,
    0.16897396701376152,
    0.15817995060740225,
    0.13228997527181036,
    0.10807927536880574,
    0.08910675447843873,
    0.06905935320031384,
    0.05304356758385096,
    0.04293418120321296,
    0.032479388170096726,
    0.028996536302168276,
    0.027911462266679347
  ],
  "test_losses": [
    1.4113523975203308,
    1.091959133932862,
    1.2049384826346288,
    0.868780255317688,
    0.6564722766604605,
    0.8133077606370177,
    0.7880401430250723,
    0.7753890549080281,
    0.6055793045442316,
    0.5167288282249547,
    0.46558885634699954,
    0.5659980023209052,
    0.41927489374257343,
    0.6497711958009985,
    0.5030149394952799,
    0.42775688310967214,
    0.49419902359383017,
    0.5880469717556918,
    0.5306600984893267,
    0.689432422948789,
    0.5157386319169516,
    0.38426690520365026,
    0.4725452574748027,
    0.4505367150789575,
    0.436085633839233,
    0.4251972142654129,
    0.4468997681065451,
    0.35647294698636744,
    0.422219126945055,
    0.42286475889290437,
    0.3963482325212865,
    0.4316079971156543,
    0.3481595167253591,
    0.45834376389467263,
    0.3409462571144104,
    0.3947721589592439,
    0.328953369697438,
    0.2711808155231838,
    0.28626511425157136,
    0.2689895359209821,
    0.349051330097114,
    0.2544167853797538,
    0.22625919554052473,
    0.2074562203657778,
    0.19535149765920035,
    0.20484429446956778,
    0.19076140875680536,
    0.18561732212576684,
    0.18470201872383493,
    0.1845572957226747
  ],
  "train_accs": [
    39.644,
    56.066,
    64.306,
    70.52,
    74.486,
    77.312,
    79.278,
    80.708,
    82.042,
    83.348,
    84.346,
    84.832,
    85.424,
    86.144,
    86.332,
    86.81,
    87.272,
    87.192,
    87.144,
    87.916,
    88.008,
    88.242,
    88.508,
    88.444,
    88.616,
    88.946,
    89.312,
    89.532,
    89.756,
    90.136,
    90.284,
    90.654,
    90.84,
    91.2,
    91.586,
    91.988,
    92.3,
    93.05,
    93.39,
    94.242,
    94.6,
    95.454,
    96.414,
    96.996,
    97.68,
    98.308,
    98.65,
    99.046,
    99.168,
    99.18
  ],
  "test_accs": [
    47.7,
    60.98,
    62.1,
    71.22,
    77.7,
    73.24,
    75.17,
    74.34,
    79.91,
    82.93,
    84.48,
    81.43,
    85.95,
    79.68,
    83.03,
    85.45,
    83.62,
    80.04,
    82.32,
    79.23,
    82.79,
    87.02,
    84.54,
    84.77,
    85.73,
    85.27,
    85.57,
    87.99,
    86.0,
    86.13,
    86.77,
    86.12,
    88.46,
    85.26,
    88.77,
    87.24,
    88.74,
    91.08,
    90.83,
    91.22,
    89.44,
    92.21,
    92.94,
    93.41,
    93.81,
    93.78,
    94.35,
    94.38,
    94.51,
    94.49
  ],
  "hyperparameters": {
    "batch_size": 128,
    "learning_rate": 0.1,
    "weight_decay": 0.0005,
    "momentum": 0.9,
    "epochs": 50
  },
  "model_architecture": "Enhanced ResNet18 for CIFAR-10",
  "enhancements": [
    "Modified conv1: 3x3 stride 1 (instead of 7x7 stride 2)",
    "Removed MaxPool layer",
    "OneCycleLR scheduler",
    "RandomErasing augmentation"
  ]
}